restock_priority_rank,product_id,product_name,category,unit_price,units_sold,orders_count,total_revenue,views,cart_adds,conversion_rate_pct,initial_stock,current_stock,stock_depletion_pct,reorder_point,daily_sales_velocity,days_of_stock_remaining,restock_urgency,urgency_label,urgency_score,recommended_restock_units,revenue_at_risk,recommended_action
1,P013,Logitech MX Keys Wireless,Keyboards,119.0,1340,905,159460.0,1533,455,87.41,1200,0,111.7,200,3.67,0.0,CRITICAL_RESTOCK,🚨 Critical (Restock Immediately),4,390,46410.0,Stockout imminent in ~0 days! Reorder +390 units immediately to prevent lost sales.
2,P014,Keychron K2 Mechanical RGB,Keyboards,99.0,1325,903,131175.0,1575,505,84.13,1200,0,110.4,200,3.63,0.0,CRITICAL_RESTOCK,🚨 Critical (Restock Immediately),4,388,38412.0,Stockout imminent in ~0 days! Reorder +388 units immediately to prevent lost sales.
3,P015,Corsair K70 RGB PRO Mechanical,Keyboards,149.0,1221,840,181929.0,1547,482,78.93,1200,0,101.8,200,3.35,0.0,CRITICAL_RESTOCK,🚨 Critical (Restock Immediately),4,374,55726.0,Stockout imminent in ~0 days! Reorder +374 units immediately to prevent lost sales.
4,P016,Logitech MX Master 3S Ergonomic,Mouse,99.0,1324,919,131076.0,1586,476,83.48,1100,0,120.4,180,3.63,0.0,CRITICAL_RESTOCK,🚨 Critical (Restock Immediately),4,368,36432.0,Stockout imminent in ~0 days! Reorder +368 units immediately to prevent lost sales.
5,P017,Razer DeathAdder V3 Pro,Mouse,129.0,1315,869,169635.0,1653,508,79.55,1100,0,119.5,180,3.6,0.0,CRITICAL_RESTOCK,🚨 Critical (Restock Immediately),4,367,47343.0,Stockout imminent in ~0 days! Reorder +367 units immediately to prevent lost sales.
6,P026,Anker 65W GaN Fast Wall Charger,Chargers,49.0,1380,885,67620.0,1539,408,89.67,1400,20,98.6,300,3.78,5.3,CRITICAL_RESTOCK,🚨 Critical (Restock Immediately),4,469,22981.0,Stockout imminent in ~5 days! Reorder +469 units immediately to prevent lost sales.
7,P028,Belkin 3-in-1 Wireless MagSafe,Chargers,129.0,1362,929,175698.0,1614,502,84.39,1400,38,97.3,300,3.73,10.2,CRITICAL_RESTOCK,🚨 Critical (Restock Immediately),4,448,57792.0,Stockout imminent in ~10 days! Reorder +448 units immediately to prevent lost sales.
8,P021,Apple Watch Series 9 GPS,Smartwatches,399.0,1409,942,562191.0,1577,476,89.35,1500,91,93.9,250,3.86,23.6,CRITICAL_RESTOCK,🚨 Critical (Restock Immediately),4,371,148029.0,Stockout imminent in ~23 days! Reorder +371 units immediately to prevent lost sales.
9,P022,Samsung Galaxy Watch 6 Classic,Smartwatches,349.0,1391,918,485459.0,1606,448,86.61,1500,109,92.7,250,3.81,28.6,CRITICAL_RESTOCK,🚨 Critical (Restock Immediately),4,350,122150.0,Stockout imminent in ~28 days! Reorder +350 units immediately to prevent lost sales.
10,P027,Apple 20W USB-C Power Adapter,Chargers,19.0,1288,881,24472.0,1599,479,80.55,1400,112,92.0,300,3.53,31.7,CRITICAL_RESTOCK,🚨 Critical (Restock Immediately),4,364,6916.0,Stockout imminent in ~31 days! Reorder +364 units immediately to prevent lost sales.
11,P023,Garmin Fenix 7 Solar Edition,Smartwatches,699.0,1325,891,926175.0,1602,464,82.71,1500,175,88.3,250,3.63,48.2,CRITICAL_RESTOCK,🚨 Critical (Restock Immediately),4,274,191526.0,Stockout imminent in ~48 days! Reorder +274 units immediately to prevent lost sales.
12,P020,"Samsung Odyssey G7 32""",Monitors,649.0,1357,916,880693.0,1587,477,85.51,1600,243,84.8,220,3.72,65.3,ADEQUATE,🟢 Adequate Inventory,1,189,122661.0,Current warehouse inventory levels are healthy and sufficient.
13,P018,"Dell UltraSharp 27"" 4K USB-C",Monitors,599.0,1341,869,803259.0,1527,459,87.82,1600,259,83.8,220,3.67,70.6,ADEQUATE,🟢 Adequate Inventory,1,170,101830.0,Current warehouse inventory levels are healthy and sufficient.
14,P024,iPad Air 5th Gen 256GB,Tablets,749.0,1368,891,1024632.0,1557,481,87.86,1700,332,80.5,280,3.75,88.5,ADEQUATE,🟢 Adequate Inventory,1,154,115346.0,Current warehouse inventory levels are healthy and sufficient.
15,P025,Samsung Galaxy Tab S9 Ultra,Tablets,1199.0,1350,891,1618650.0,1515,487,89.11,1700,350,79.4,280,3.7,94.6,ADEQUATE,🟢 Adequate Inventory,1,133,159467.0,Current warehouse inventory levels are healthy and sufficient.
16,P019,"LG UltraGear 34"" Curved Gaming",Monitors,799.0,1261,854,1007539.0,1554,510,81.15,1600,339,78.8,220,3.45,98.3,ADEQUATE,🟢 Adequate Inventory,1,77,61523.0,Current warehouse inventory levels are healthy and sufficient.
17,P007,HP Spectre x360 2-in-1,Laptops,1399.0,1415,934,1979585.0,1527,491,92.67,1800,385,78.6,250,3.88,99.2,ADEQUATE,🟢 Adequate Inventory,1,93,130107.0,Current warehouse inventory levels are healthy and sufficient.
18,P005,"MacBook Pro 16"" M3 Max",Laptops,2499.0,1322,880,3303678.0,1584,468,83.46,1800,478,73.4,250,3.62,132.0,ADEQUATE,🟢 Adequate Inventory,1,0,0.0,Current warehouse inventory levels are healthy and sufficient.
19,P006,Dell XPS 15 OLED,Laptops,1799.0,1319,882,2372881.0,1578,483,83.59,1800,481,73.3,250,3.61,133.2,ADEQUATE,🟢 Adequate Inventory,1,0,0.0,Current warehouse inventory levels are healthy and sufficient.
20,P008,Lenovo ThinkPad X1 Carbon,Laptops,1599.0,1257,861,2009943.0,1568,474,80.17,1800,543,69.8,250,3.44,157.8,ADEQUATE,🟢 Adequate Inventory,1,0,0.0,Current warehouse inventory levels are healthy and sufficient.
21,P004,OnePlus 12 5G,Smartphones,799.0,1521,980,1215279.0,1535,495,99.09,2200,679,69.1,350,4.17,162.8,ADEQUATE,🟢 Adequate Inventory,1,0,0.0,Current warehouse inventory levels are healthy and sufficient.
22,P003,Google Pixel 8 Pro,Smartphones,899.0,1343,905,1207357.0,1526,480,88.01,2200,857,61.0,350,3.68,232.9,ADEQUATE,🟢 Adequate Inventory,1,0,0.0,Current warehouse inventory levels are healthy and sufficient.
23,P001,iPhone 15 Pro 256GB,Smartphones,999.0,1318,879,1316682.0,1537,504,85.75,2200,882,59.9,350,3.61,244.3,ADEQUATE,🟢 Adequate Inventory,1,0,0.0,Current warehouse inventory levels are healthy and sufficient.
24,P002,Samsung Galaxy S24 Ultra,Smartphones,1199.0,1315,888,1576685.0,1533,510,85.78,2200,885,59.8,350,3.6,245.8,ADEQUATE,🟢 Adequate Inventory,1,0,0.0,Current warehouse inventory levels are healthy and sufficient.
25,P011,Bose QuietComfort Ultra,Headphones,429.0,1352,907,580008.0,1518,482,89.06,2500,1148,54.1,400,3.7,310.3,ADEQUATE,🟢 Adequate Inventory,1,0,0.0,Current warehouse inventory levels are healthy and sufficient.
26,P009,Sony WH-1000XM5 ANC,Headphones,399.0,1346,892,537054.0,1571,463,85.68,2500,1154,53.8,400,3.69,312.7,ADEQUATE,🟢 Adequate Inventory,1,0,0.0,Current warehouse inventory levels are healthy and sufficient.
27,P010,Apple AirPods Max Wireless,Headphones,549.0,1259,833,691191.0,1525,493,82.56,2500,1241,50.4,400,3.45,359.7,ADEQUATE,🟢 Adequate Inventory,1,0,0.0,Current warehouse inventory levels are healthy and sufficient.
28,P012,Sennheiser Momentum 4,Headphones,349.0,1253,856,437297.0,1506,533,83.2,2500,1247,50.1,400,3.43,363.6,ADEQUATE,🟢 Adequate Inventory,1,0,0.0,Current warehouse inventory levels are healthy and sufficient.
