cohort_month,cohort_size,Month_0,Month_1,Month_2,Month_3,Month_4,Month_5,Month_6
2024-01,601,100.0,25.1,23.8,22.0,25.6,22.6,24.1
2024-02,435,100.0,23.4,23.7,23.7,23.0,23.9,22.3
2024-03,363,100.0,24.8,26.2,26.2,27.8,23.4,28.1
2024-04,261,100.0,28.4,23.0,24.5,23.8,21.5,22.2
2024-05,209,100.0,30.1,17.7,21.5,25.8,22.0,22.0
2024-06,142,100.0,25.4,26.8,26.1,25.4,23.2,23.9
2024-07,122,100.0,21.3,21.3,23.0,23.0,20.5,0.0
2024-08,92,100.0,23.9,16.3,31.5,17.4,0.0,0.0
2024-09,63,100.0,25.4,20.6,23.8,0.0,0.0,0.0
2024-10,61,100.0,24.6,18.0,0.0,0.0,0.0,0.0
2024-11,41,100.0,29.3,0.0,0.0,0.0,0.0,0.0
2024-12,24,100.0,0.0,0.0,0.0,0.0,0.0,0.0
