customer_id,country
C0101,United Kingdom
C0102,United States
C0103,United States
C0104,United States
C0105,Germany
C0106,Germany
C0107,Canada
C0108,United States
C0109,United States
C0110,United States
C0111,United States
C0112,United Kingdom
C0113,United States
C0114,United States
C0115,United Kingdom
C0116,United Kingdom
C0117,United States
C0118,United Kingdom
C0119,France
C0120,United States
C0121,France
C0122,Germany
C0123,United States
C0124,United States
C0125,Australia
C0126,United States
C0127,United States
C0128,United States
C0129,France
C0130,United Kingdom
C0131,France
C0132,Germany
C0133,United Kingdom
C0134,Japan
C0135,United States
C0136,United Kingdom
C0137,France
C0138,United Kingdom
C0139,Canada
C0140,United Kingdom
C0141,Germany
C0142,United States
C0143,United States
C0144,United States
C0145,United States
C0146,United States
C0147,United States
C0148,United States
C0149,United Kingdom
C0150,United States
C0151,United States
C0152,United States
C0153,United States
C0154,Australia
C0155,United Kingdom
C0156,United Kingdom
C0157,United States
C0158,Germany
C0159,United States
C0160,United States
C0161,Japan
C0162,United Kingdom
C0163,United Kingdom
C0164,Germany
C0165,France
C0166,France
C0167,United States
C0168,United States
C0169,United States
C0170,United States
C0171,United States
C0172,Australia
C0173,Canada
C0174,United States
C0175,Germany
C0176,United States
C0177,Canada
C0178,United Kingdom
C0179,United States
C0180,United States
C0181,United Kingdom
C0182,United States
C0183,United Kingdom
C0184,Canada
C0185,United States
C0186,United States
C0187,Japan
C0188,United Kingdom
C0189,United States
C0190,United States
C0191,United States
C0192,United Kingdom
C0193,France
C0194,United States
C0195,United States
C0196,United States
C0197,Japan
C0198,United Kingdom
C0199,Japan
C0200,Canada
C0201,United States
C0202,Germany
C0203,Germany
C0204,United Kingdom
C0205,United States
C0206,United Kingdom
C0207,United States
C0208,United States
C0209,United Kingdom
C0210,Australia
C0211,Canada
C0212,United States
C0213,United Kingdom
C0214,United States
C0215,Canada
C0216,Canada
C0217,United States
C0218,United Kingdom
C0219,United Kingdom
C0220,United States
C0221,Germany
C0222,United Kingdom
C0223,France
C0224,United Kingdom
C0225,United States
C0226,United States
C0227,United States
C0228,Australia
C0229,Canada
C0230,France
C0231,United States
C0232,United States
C0233,Canada
C0234,Australia
C0235,United States
C0236,United Kingdom
C0237,United States
C0238,Germany
C0239,Germany
C0240,United States
C0241,United Kingdom
C0242,United Kingdom
C0243,United States
C0244,Canada
C0245,United States
C0246,United States
C0247,United Kingdom
C0248,Germany
C0249,United States
C0250,United States
C0251,Japan
C0252,United Kingdom
C0253,United States
C0254,United Kingdom
C0255,United States
C0256,United States
C0257,United States
C0258,United Kingdom
C0259,United States
C0260,United States
C0261,United States
C0262,United Kingdom
C0263,United States
C0264,Canada
C0265,Canada
C0266,United States
C0267,United States
C0268,Germany
C0269,United States
C0270,United States
C0271,Australia
C0272,United Kingdom
C0273,United Kingdom
C0274,France
C0275,France
C0276,United States
C0277,United States
C0278,United States
C0279,United States
C0280,United Kingdom
C0281,Germany
C0282,Germany
C0283,Japan
C0284,United States
C0285,United States
C0286,United States
C0287,Canada
C0288,United States
C0289,United States
C0290,United States
C0291,United States
C0292,United States
C0293,United States
C0294,Australia
C0295,United States
C0296,Canada
C0297,United Kingdom
C0298,United States
C0299,Japan
C0300,France
C0301,Australia
C0302,Australia
C0303,France
C0304,United States
C0305,United Kingdom
C0306,United States
C0307,United States
C0308,United States
C0309,United States
C0310,Japan
C0311,United States
C0312,France
C0313,United Kingdom
C0314,United States
C0315,Australia
C0316,Japan
C0317,United Kingdom
C0318,Germany
C0319,United States
C0320,United States
C0321,Australia
C0322,United Kingdom
C0323,United Kingdom
C0324,Germany
C0325,United States
C0326,United Kingdom
C0327,United Kingdom
C0328,Canada
C0329,United States
C0330,Australia
C0331,United States
C0332,United States
C0333,United Kingdom
C0334,Germany
C0335,United States
C0336,United States
C0337,Canada
C0338,United States
C0339,United Kingdom
C0340,United Kingdom
C0341,United States
C0342,United Kingdom
C0343,United Kingdom
C0344,Australia
C0345,United States
C0346,Germany
C0347,United States
C0348,United States
C0349,Germany
C0350,United States
C0351,United States
C0352,Germany
C0353,United States
C0354,United Kingdom
C0355,Japan
C0356,Japan
C0357,United States
C0358,United States
C0359,United States
C0360,Australia
C0361,Canada
C0362,Canada
C0363,United States
C0364,United States
C0365,France
C0366,Germany
C0367,United Kingdom
C0368,Japan
C0369,Germany
C0370,United States
C0371,France
C0372,United States
C0373,Germany
C0374,Australia
C0375,United States
C0376,United States
C0377,United States
C0378,United Kingdom
C0379,United States
C0380,United Kingdom
C0381,Germany
C0382,United States
C0383,United Kingdom
C0384,United States
C0385,United Kingdom
C0386,Canada
C0387,France
C0388,United States
C0389,United States
C0390,United States
C0391,United States
C0392,France
C0393,United Kingdom
C0394,United States
C0395,Germany
C0396,United Kingdom
C0397,United States
C0398,United States
C0399,United States
C0400,Canada
C0401,Canada
C0402,United Kingdom
C0403,France
C0404,United Kingdom
C0405,United States
C0406,United States
C0407,United States
C0408,Canada
C0409,France
C0410,Canada
C0411,Canada
C0412,United States
C0413,United States
C0414,United States
C0415,France
C0416,Canada
C0417,United States
C0418,United Kingdom
C0419,United States
C0420,Australia
C0421,Canada
C0422,Japan
C0423,France
C0424,Canada
C0425,United States
C0426,Germany
C0427,United States
C0428,Australia
C0429,France
C0430,Canada
C0431,France
C0432,United States
C0433,France
C0434,United States
C0435,Canada
C0436,Canada
C0437,United States
C0438,France
C0439,United Kingdom
C0440,United States
C0441,France
C0442,United States
C0443,United States
C0444,United States
C0445,United States
C0446,Canada
C0447,Australia
C0448,United States
C0449,United Kingdom
C0450,United States
C0451,Japan
C0452,United Kingdom
C0453,Australia
C0454,United States
C0455,Japan
C0456,United States
C0457,Australia
C0458,United States
C0459,United States
C0460,United States
C0461,Germany
C0462,United States
C0463,United Kingdom
C0464,United Kingdom
C0465,United States
C0466,United Kingdom
C0467,United States
C0468,Germany
C0469,United States
C0470,Australia
C0471,United Kingdom
C0472,Germany
C0473,Germany
C0474,Germany
C0475,United States
C0476,United States
C0477,Germany
C0478,United States
C0479,United States
C0480,France
C0481,Germany
C0482,United States
C0483,United States
C0484,United States
C0485,United States
C0486,United States
C0487,United States
C0488,United States
C0489,Australia
C0490,Germany
C0491,Canada
C0492,United Kingdom
C0493,United States
C0494,United Kingdom
C0495,United States
C0496,United States
C0497,United States
C0498,United Kingdom
C0499,Germany
C0500,United Kingdom
C0501,United States
C0502,United States
C0503,United Kingdom
C0504,Canada
C0505,France
C0506,United States
C0507,United States
C0508,United Kingdom
C0509,United Kingdom
C0510,United States
C0511,France
C0512,Germany
C0513,Germany
C0514,United States
C0515,United States
C0516,United States
C0517,United States
C0518,United Kingdom
C0519,France
C0520,United States
C0521,United States
C0522,United Kingdom
C0523,United States
C0524,Germany
C0525,United Kingdom
C0526,United States
C0527,Germany
C0528,United States
C0529,Germany
C0530,France
C0531,United States
C0532,United States
C0533,United States
C0534,Australia
C0535,United Kingdom
C0536,United States
C0537,United States
C0538,France
C0539,United Kingdom
C0540,France
C0541,Germany
C0542,Japan
C0543,United Kingdom
C0544,Australia
C0545,Canada
C0546,United Kingdom
C0547,Germany
C0548,United Kingdom
C0549,France
C0550,United Kingdom
C0551,Canada
C0552,Germany
C0553,United Kingdom
C0554,United States
C0555,United States
C0556,United Kingdom
C0557,Germany
C0558,United Kingdom
C0559,United Kingdom
C0560,United States
C0561,United States
C0562,United States
C0563,United States
C0564,United States
C0565,United Kingdom
C0566,United States
C0567,United States
C0568,Germany
C0569,Germany
C0570,United States
C0571,United States
C0572,United Kingdom
C0573,United States
C0574,United States
C0575,United States
C0576,Canada
C0577,United Kingdom
C0578,Germany
C0579,Canada
C0580,Germany
C0581,United States
C0582,United States
C0583,United States
C0584,Germany
C0585,Canada
C0586,Australia
C0587,United States
C0588,Germany
C0589,United Kingdom
C0590,United Kingdom
C0591,United States
C0592,United States
C0593,United States
C0594,United States
C0595,United States
C0596,Germany
C0597,United States
C0598,United States
C0599,United Kingdom
C0600,United States
C0601,United Kingdom
C0602,United States
C0603,United States
C0604,United Kingdom
C0605,United States
C0606,United Kingdom
C0607,United States
C0608,United Kingdom
C0609,United States
C0610,United States
C0611,United States
C0612,United States
C0613,Germany
C0614,United States
C0615,Germany
C0616,France
C0617,United States
C0618,United States
C0619,United States
C0620,United Kingdom
C0621,Japan
C0622,United States
C0623,Germany
C0624,France
C0625,Germany
C0626,Germany
C0627,Australia
C0628,United States
C0629,United States
C0630,United States
C0631,United States
C0632,Germany
C0633,United Kingdom
C0634,United States
C0635,Germany
C0636,Germany
C0637,United States
C0638,United Kingdom
C0639,Germany
C0640,United States
C0641,France
C0642,Australia
C0643,United States
C0644,United States
C0645,United States
C0646,Germany
C0647,Australia
C0648,United States
C0649,Germany
C0650,United States
C0651,Germany
C0652,United Kingdom
C0653,United States
C0654,France
C0655,Canada
C0656,United Kingdom
C0657,United States
C0658,Japan
C0659,France
C0660,United States
C0661,United States
C0662,United States
C0663,United Kingdom
C0664,United States
C0665,France
C0666,France
C0667,United States
C0668,Australia
C0669,United Kingdom
C0670,France
C0671,Germany
C0672,United States
C0673,Germany
C0674,Australia
C0675,United States
C0676,France
C0677,United Kingdom
C0678,United Kingdom
C0679,United States
C0680,Germany
C0681,United States
C0682,Canada
C0683,France
C0684,United States
C0685,Canada
C0686,United States
C0687,United Kingdom
C0688,United Kingdom
C0689,United States
C0690,United States
C0691,Canada
C0692,United States
C0693,United States
C0694,France
C0695,United States
C0696,Canada
C0697,Germany
C0698,United States
C0699,United States
C0700,Australia
C0701,United States
C0702,Germany
C0703,United Kingdom
C0704,Germany
C0705,Germany
C0706,United Kingdom
C0707,United Kingdom
C0708,France
C0709,United States
C0710,United States
C0711,Germany
C0712,United States
C0713,United Kingdom
C0714,United Kingdom
C0715,United Kingdom
C0716,United States
C0717,Germany
C0718,United States
C0719,Germany
C0720,United States
C0721,United States
C0722,United States
C0723,United States
C0724,United States
C0725,United Kingdom
C0726,Germany
C0727,United States
C0728,United States
C0729,United Kingdom
C0730,Germany
C0731,Japan
C0732,United Kingdom
C0733,United States
C0734,United States
C0735,United States
C0736,United States
C0737,United States
C0738,United States
C0739,United Kingdom
C0740,United States
C0741,Japan
C0742,United Kingdom
C0743,Germany
C0744,United States
C0745,Canada
C0746,United Kingdom
C0747,Canada
C0748,United Kingdom
C0749,United Kingdom
C0750,United States
C0751,United States
C0752,United States
C0753,Australia
C0754,United Kingdom
C0755,France
C0756,United States
C0757,United States
C0758,United Kingdom
C0759,United States
C0760,United States
C0761,United Kingdom
C0762,United States
C0763,Japan
C0764,United States
C0765,Germany
C0766,United Kingdom
C0767,France
C0768,United States
C0769,United Kingdom
C0770,United Kingdom
C0771,United States
C0772,Canada
C0773,Japan
C0774,United States
C0775,United Kingdom
C0776,United Kingdom
C0777,Germany
C0778,Australia
C0779,United States
C0780,United States
C0781,Germany
C0782,United States
C0783,United States
C0784,United States
C0785,United States
C0786,United Kingdom
C0787,United Kingdom
C0788,United States
C0789,United States
C0790,Germany
C0791,Germany
C0792,United Kingdom
C0793,Germany
C0794,Australia
C0795,France
C0796,United Kingdom
C0797,Germany
C0798,Australia
C0799,United States
C0800,United Kingdom
C0801,United Kingdom
C0802,Canada
C0803,France
C0804,United States
C0805,United States
C0806,United States
C0807,Germany
C0808,United Kingdom
C0809,United States
C0810,United States
C0811,Germany
C0812,Germany
C0813,Australia
C0814,United Kingdom
C0815,United Kingdom
C0816,United States
C0817,United States
C0818,United States
C0819,United States
C0820,United States
C0821,United States
C0822,Australia
C0823,France
C0824,United Kingdom
C0825,Australia
C0826,Japan
C0827,Germany
C0828,United States
C0829,United States
C0830,Germany
C0831,United Kingdom
C0832,Germany
C0833,Canada
C0834,United States
C0835,United Kingdom
C0836,United Kingdom
C0837,United Kingdom
C0838,United States
C0839,United States
C0840,United States
C0841,Germany
C0842,Canada
C0843,United States
C0844,Germany
C0845,United States
C0846,Australia
C0847,France
C0848,United Kingdom
C0849,United Kingdom
C0850,United States
C0851,United States
C0852,Japan
C0853,United States
C0854,United Kingdom
C0855,Japan
C0856,Germany
C0857,United Kingdom
C0858,United States
C0859,United States
C0860,United States
C0861,Germany
C0862,United Kingdom
C0863,Germany
C0864,United States
C0865,United Kingdom
C0866,Australia
C0867,United States
C0868,Germany
C0869,United States
C0870,Japan
C0871,United Kingdom
C0872,United States
C0873,United States
C0874,United Kingdom
C0875,United Kingdom
C0876,United States
C0877,Japan
C0878,Canada
C0879,United Kingdom
C0880,United States
C0881,France
C0882,United Kingdom
C0883,Germany
C0884,United Kingdom
C0885,United States
C0886,France
C0887,Japan
C0888,United States
C0889,United Kingdom
C0890,United States
C0891,Australia
C0892,United Kingdom
C0893,Canada
C0894,Canada
C0895,United States
C0896,France
C0897,United States
C0898,Australia
C0899,United Kingdom
C0900,France
C0901,United States
C0902,United States
C0903,United Kingdom
C0904,Japan
C0905,United Kingdom
C0906,United States
C0907,United Kingdom
C0908,United States
C0909,United Kingdom
C0910,United Kingdom
C0911,United Kingdom
C0912,United States
C0913,United States
C0914,Germany
C0915,United Kingdom
C0916,United States
C0917,France
C0918,United States
C0919,Germany
C0920,Germany
C0921,France
C0922,United States
C0923,Germany
C0924,France
C0925,Japan
C0926,United Kingdom
C0927,United States
C0928,United Kingdom
C0929,United Kingdom
C0930,Canada
C0931,Canada
C0932,United States
C0933,United Kingdom
C0934,United Kingdom
C0935,Germany
C0936,United States
C0937,Germany
C0938,United States
C0939,United Kingdom
C0940,Australia
C0941,United States
C0942,Germany
C0943,United Kingdom
C0944,Canada
C0945,Canada
C0946,Canada
C0947,United States
C0948,United States
C0949,Germany
C0950,Germany
C0951,Canada
C0952,United States
C0953,United States
C0954,United Kingdom
C0955,Australia
C0956,Japan
C0957,Germany
C0958,United States
C0959,United States
C0960,United Kingdom
C0961,Canada
C0962,United States
C0963,Germany
C0964,Canada
C0965,United States
C0966,France
C0967,United States
C0968,United States
C0969,United States
C0970,United Kingdom
C0971,United Kingdom
C0972,France
C0973,United States
C0974,United States
C0975,Canada
C0976,United Kingdom
C0977,United States
C0978,Canada
C0979,United States
C0980,United Kingdom
C0981,United States
C0982,United States
C0983,United States
C0984,France
C0985,Canada
C0986,Germany
C0987,United States
C0988,United States
C0989,United States
C0990,United Kingdom
C0991,United Kingdom
C0992,United States
C0993,United States
C0994,France
C0995,United States
C0996,United States
C0997,United Kingdom
C0998,United States
C0999,United Kingdom
C1000,United Kingdom
C1001,Japan
C1002,United States
C1003,Japan
C1004,Germany
C1005,United States
C1006,United Kingdom
C1007,Germany
C1008,Germany
C1009,United States
C1010,United Kingdom
C1011,United Kingdom
C1012,Canada
C1013,United States
C1014,France
C1015,United Kingdom
C1016,United States
C1017,United Kingdom
C1018,United Kingdom
C1019,Germany
C1020,Germany
C1021,Germany
C1022,France
C1023,United Kingdom
C1024,Canada
C1025,United Kingdom
C1026,United States
C1027,United States
C1028,United Kingdom
C1029,Germany
C1030,United States
C1031,United States
C1032,Germany
C1033,United States
C1034,United States
C1035,United Kingdom
C1036,Japan
C1037,United Kingdom
C1038,Canada
C1039,France
C1040,United States
C1041,France
C1042,United Kingdom
C1043,France
C1044,Germany
C1045,United States
C1046,United States
C1047,Australia
C1048,United States
C1049,Australia
C1050,Canada
C1051,Germany
C1052,Japan
C1053,Australia
C1054,France
C1055,United States
C1056,France
C1057,United States
C1058,United Kingdom
C1059,United Kingdom
C1060,Germany
C1061,Germany
C1062,United Kingdom
C1063,France
C1064,Australia
C1065,United States
C1066,United States
C1067,United States
C1068,Canada
C1069,United Kingdom
C1070,Canada
C1071,United States
C1072,United States
C1073,France
C1074,Canada
C1075,United States
C1076,United States
C1077,United States
C1078,Australia
C1079,United States
C1080,United Kingdom
C1081,United States
C1082,Canada
C1083,United States
C1084,United Kingdom
C1085,Germany
C1086,Germany
C1087,Australia
C1088,United States
C1089,Germany
C1090,United States
C1091,United States
C1092,United States
C1093,United Kingdom
C1094,United States
C1095,Australia
C1096,United States
C1097,United States
C1098,United States
C1099,Australia
C1100,Canada
C1101,United States
C1102,Germany
C1103,United Kingdom
C1104,Japan
C1105,United States
C1106,United States
C1107,United States
C1108,United States
C1109,France
C1110,United Kingdom
C1111,Germany
C1112,United Kingdom
C1113,United Kingdom
C1114,United States
C1115,France
C1116,United States
C1117,United States
C1118,United Kingdom
C1119,United States
C1120,Germany
C1121,United States
C1122,United States
C1123,Canada
C1124,United States
C1125,United States
C1126,Canada
C1127,United States
C1128,Canada
C1129,United States
C1130,United States
C1131,United States
C1132,United States
C1133,Germany
C1134,United States
C1135,United States
C1136,France
C1137,United States
C1138,United States
C1139,United States
C1140,United States
C1141,Germany
C1142,United Kingdom
C1143,Germany
C1144,United Kingdom
C1145,France
C1146,United Kingdom
C1147,United States
C1148,United Kingdom
C1149,Australia
C1150,United States
C1151,France
C1152,Canada
C1153,United Kingdom
C1154,United Kingdom
C1155,Australia
C1156,United States
C1157,United Kingdom
C1158,United States
C1159,Germany
C1160,United Kingdom
C1161,Canada
C1162,United States
C1163,United States
C1164,United Kingdom
C1165,United States
C1166,United States
C1167,United Kingdom
C1168,United Kingdom
C1169,United States
C1170,Japan
C1171,United Kingdom
C1172,United Kingdom
C1173,United Kingdom
C1174,United States
C1175,Germany
C1176,Canada
C1177,Germany
C1178,Germany
C1179,Germany
C1180,United States
C1181,United Kingdom
C1182,United States
C1183,United States
C1184,United Kingdom
C1185,United States
C1186,United States
C1187,United States
C1188,Germany
C1189,United States
C1190,United States
C1191,Australia
C1192,United States
C1193,France
C1194,United States
C1195,United States
C1196,Germany
C1197,France
C1198,United Kingdom
C1199,United Kingdom
C1200,United Kingdom
C1201,United States
C1202,United States
C1203,United States
C1204,Germany
C1205,Germany
C1206,Canada
C1207,Germany
C1208,Australia
C1209,United Kingdom
C1210,United States
C1211,United Kingdom
C1212,United States
C1213,Germany
C1214,United States
C1215,United States
C1216,France
C1217,United States
C1218,Germany
C1219,United Kingdom
C1220,France
C1221,France
C1222,Japan
C1223,France
C1224,United Kingdom
C1225,United Kingdom
C1226,United States
C1227,Australia
C1228,France
C1229,United States
C1230,United States
C1231,Germany
C1232,United States
C1233,United States
C1234,United States
C1235,Canada
C1236,United Kingdom
C1237,United States
C1238,United States
C1239,United Kingdom
C1240,United States
C1241,Germany
C1242,United States
C1243,United States
C1244,United States
C1245,United States
C1246,Germany
C1247,France
C1248,United Kingdom
C1249,United States
C1250,United States
C1251,United States
C1252,United Kingdom
C1253,Germany
C1254,United States
C1255,Germany
C1256,United Kingdom
C1257,United States
C1258,United States
C1259,Germany
C1260,United States
C1261,United States
C1262,United States
C1263,Germany
C1264,United Kingdom
C1265,Germany
C1266,United States
C1267,United States
C1268,United Kingdom
C1269,United States
C1270,United States
C1271,United States
C1272,United States
C1273,United States
C1274,United States
C1275,United States
C1276,Germany
C1277,United States
C1278,United States
C1279,Germany
C1280,United Kingdom
C1281,France
C1282,France
C1283,United States
C1284,Canada
C1285,United States
C1286,United States
C1287,Australia
C1288,Canada
C1289,United Kingdom
C1290,United Kingdom
C1291,Germany
C1292,United States
C1293,United States
C1294,United States
C1295,United States
C1296,France
C1297,United Kingdom
C1298,France
C1299,Canada
C1300,United States
C1301,France
C1302,United States
C1303,United Kingdom
C1304,United Kingdom
C1305,United States
C1306,United States
C1307,United States
C1308,United States
C1309,United States
C1310,United Kingdom
C1311,United States
C1312,United Kingdom
C1313,Canada
C1314,United States
C1315,Germany
C1316,France
C1317,France
C1318,United States
C1319,United States
C1320,United States
C1321,United Kingdom
C1322,Germany
C1323,Germany
C1324,United States
C1325,France
C1326,United Kingdom
C1327,Germany
C1328,Germany
C1329,United States
C1330,Australia
C1331,United Kingdom
C1332,United Kingdom
C1333,United Kingdom
C1334,Canada
C1335,United Kingdom
C1336,United States
C1337,United States
C1338,United States
C1339,United States
C1340,United States
C1341,United States
C1342,United Kingdom
C1343,United States
C1344,United Kingdom
C1345,United States
C1346,France
C1347,United States
C1348,Canada
C1349,Canada
C1350,United Kingdom
C1351,United Kingdom
C1352,United Kingdom
C1353,United Kingdom
C1354,France
C1355,Canada
C1356,United States
C1357,France
C1358,Germany
C1359,United States
C1360,United Kingdom
C1361,United States
C1362,United States
C1363,United States
C1364,Canada
C1365,United States
C1366,Germany
C1367,United Kingdom
C1368,United States
C1369,United States
C1370,United States
C1371,United States
C1372,United Kingdom
C1373,United States
C1374,United States
C1375,United States
C1376,United States
C1377,United States
C1378,United Kingdom
C1379,France
C1380,United Kingdom
C1381,United States
C1382,United States
C1383,Germany
C1384,United States
C1385,Germany
C1386,Germany
C1387,Canada
C1388,Canada
C1389,United States
C1390,United Kingdom
C1391,United States
C1392,United States
C1393,Australia
C1394,Germany
C1395,United States
C1396,United Kingdom
C1397,Australia
C1398,United States
C1399,United States
C1400,France
C1401,France
C1402,Germany
C1403,France
C1404,Germany
C1405,Germany
C1406,United Kingdom
C1407,United Kingdom
C1408,United States
C1409,United States
C1410,United States
C1411,United States
C1412,United States
C1413,Australia
C1414,United Kingdom
C1415,United States
C1416,United States
C1417,United States
C1418,France
C1419,United States
C1420,France
C1421,France
C1422,Canada
C1423,United States
C1424,United States
C1425,Germany
C1426,United States
C1427,United States
C1428,United States
C1429,France
C1430,France
C1431,France
C1432,United States
C1433,United States
C1434,United States
C1435,Germany
C1436,United States
C1437,United States
C1438,United States
C1439,Germany
C1440,United States
C1441,United Kingdom
C1442,United States
C1443,France
C1444,United Kingdom
C1445,France
C1446,United States
C1447,Australia
C1448,Japan
C1449,United Kingdom
C1450,United States
C1451,United States
C1452,United Kingdom
C1453,Australia
C1454,France
C1455,France
C1456,United States
C1457,United States
C1458,United Kingdom
C1459,Canada
C1460,United Kingdom
C1461,United States
C1462,France
C1463,Canada
C1464,United States
C1465,Germany
C1466,United States
C1467,Canada
C1468,United States
C1469,United States
C1470,Australia
C1471,United States
C1472,United Kingdom
C1473,United States
C1474,United States
C1475,United States
C1476,United Kingdom
C1477,United States
C1478,Japan
C1479,United States
C1480,United States
C1481,Australia
C1482,France
C1483,United Kingdom
C1484,France
C1485,United States
C1486,United States
C1487,France
C1488,Germany
C1489,United States
C1490,Germany
C1491,United States
C1492,United States
C1493,United States
C1494,United States
C1495,France
C1496,United Kingdom
C1497,Germany
C1498,United Kingdom
C1499,United States
C1500,United States
C1501,United States
C1502,United States
C1503,United States
C1504,France
C1505,United Kingdom
C1506,United States
C1507,Canada
C1508,United Kingdom
C1509,United States
C1510,United Kingdom
C1511,United States
C1512,United States
C1513,United States
C1514,United Kingdom
C1515,United States
C1516,United States
C1517,Germany
C1518,United States
C1519,Japan
C1520,United States
C1521,United Kingdom
C1522,United Kingdom
C1523,Japan
C1524,United Kingdom
C1525,United States
C1526,United Kingdom
C1527,United Kingdom
C1528,Japan
C1529,United States
C1530,United States
C1531,France
C1532,United States
C1533,Germany
C1534,United Kingdom
C1535,France
C1536,Germany
C1537,United States
C1538,United States
C1539,United Kingdom
C1540,France
C1541,United States
C1542,France
C1543,United Kingdom
C1544,Germany
C1545,United Kingdom
C1546,France
C1547,United States
C1548,France
C1549,United Kingdom
C1550,United States
C1551,United States
C1552,United States
C1553,United States
C1554,Australia
C1555,United Kingdom
C1556,Japan
C1557,United Kingdom
C1558,United States
C1559,Germany
C1560,United States
C1561,United States
C1562,France
C1563,Canada
C1564,United States
C1565,United States
C1566,United States
C1567,Canada
C1568,Germany
C1569,Canada
C1570,United States
C1571,Japan
C1572,United Kingdom
C1573,United Kingdom
C1574,Australia
C1575,United Kingdom
C1576,France
C1577,Germany
C1578,United States
C1579,United Kingdom
C1580,France
C1581,United Kingdom
C1582,United States
C1583,United States
C1584,Germany
C1585,United States
C1586,United Kingdom
C1587,United States
C1588,Germany
C1589,United States
C1590,United States
C1591,Canada
C1592,United States
C1593,Japan
C1594,United States
C1595,Japan
C1596,Australia
C1597,United States
C1598,United Kingdom
C1599,United States
C1600,France
C1601,Germany
C1602,Australia
C1603,United States
C1604,United Kingdom
C1605,France
C1606,United States
C1607,United States
C1608,France
C1609,United States
C1610,United States
C1611,United Kingdom
C1612,United Kingdom
C1613,Germany
C1614,Australia
C1615,United States
C1616,Germany
C1617,United Kingdom
C1618,United Kingdom
C1619,United States
C1620,United Kingdom
C1621,United States
C1622,United States
C1623,Germany
C1624,United Kingdom
C1625,United States
C1626,United Kingdom
C1627,United States
C1628,United States
C1629,United States
C1630,Japan
C1631,United States
C1632,Canada
C1633,United Kingdom
C1634,United States
C1635,Canada
C1636,United Kingdom
C1637,Canada
C1638,United States
C1639,United States
C1640,Germany
C1641,France
C1642,United States
C1643,United States
C1644,United States
C1645,United Kingdom
C1646,Canada
C1647,Canada
C1648,Germany
C1649,Australia
C1650,United Kingdom
C1651,France
C1652,United Kingdom
C1653,United States
C1654,United States
C1655,United States
C1656,France
C1657,United States
C1658,United Kingdom
C1659,United States
C1660,France
C1661,United Kingdom
C1662,United Kingdom
C1663,United States
C1664,United States
C1665,Japan
C1666,Germany
C1667,United Kingdom
C1668,Germany
C1669,France
C1670,United States
C1671,Japan
C1672,United Kingdom
C1673,United States
C1674,Germany
C1675,United States
C1676,Canada
C1677,France
C1678,United Kingdom
C1679,United States
C1680,Australia
C1681,United States
C1682,Canada
C1683,United States
C1684,United States
C1685,United States
C1686,United States
C1687,United States
C1688,Germany
C1689,United States
C1690,Australia
C1691,Canada
C1692,France
C1693,United States
C1694,United Kingdom
C1695,United Kingdom
C1696,United States
C1697,United States
C1698,United Kingdom
C1699,United Kingdom
C1700,United States
C1701,Australia
C1702,United States
C1703,Germany
C1704,Germany
C1705,United Kingdom
C1706,France
C1707,United Kingdom
C1708,France
C1709,United States
C1710,United States
C1711,United Kingdom
C1712,United Kingdom
C1713,Germany
C1714,Germany
C1715,United States
C1716,United Kingdom
C1717,United Kingdom
C1718,United Kingdom
C1719,United States
C1720,Australia
C1721,United Kingdom
C1722,France
C1723,Germany
C1724,United States
C1725,United States
C1726,United States
C1727,United States
C1728,United Kingdom
C1729,United States
C1730,United Kingdom
C1731,United States
C1732,Germany
C1733,Germany
C1734,Canada
C1735,Japan
C1736,United States
C1737,United States
C1738,United Kingdom
C1739,United States
C1740,United Kingdom
C1741,United States
C1742,United States
C1743,United States
C1744,United States
C1745,United States
C1746,United Kingdom
C1747,United States
C1748,Canada
C1749,United States
C1750,United States
C1751,United Kingdom
C1752,United States
C1753,Germany
C1754,United Kingdom
C1755,United Kingdom
C1756,United Kingdom
C1757,United States
C1758,United States
C1759,Australia
C1760,United Kingdom
C1761,Australia
C1762,United States
C1763,United States
C1764,United States
C1765,United Kingdom
C1766,Canada
C1767,Germany
C1768,United Kingdom
C1769,United Kingdom
C1770,France
C1771,United States
C1772,Canada
C1773,Germany
C1774,Germany
C1775,United States
C1776,United States
C1777,United Kingdom
C1778,United States
C1779,United Kingdom
C1780,United States
C1781,United Kingdom
C1782,Germany
C1783,United States
C1784,Japan
C1785,Germany
C1786,United States
C1787,Japan
C1788,United States
C1789,France
C1790,United States
C1791,Australia
C1792,Germany
C1793,United States
C1794,United Kingdom
C1795,United Kingdom
C1796,United States
C1797,United States
C1798,United States
C1799,United Kingdom
C1800,United Kingdom
C1801,United Kingdom
C1802,United Kingdom
C1803,United States
C1804,United Kingdom
C1805,United States
C1806,Japan
C1807,Germany
C1808,United States
C1809,United States
C1810,France
C1811,United Kingdom
C1812,Germany
C1813,United States
C1814,France
C1815,United States
C1816,Germany
C1817,Japan
C1818,United Kingdom
C1819,France
C1820,Germany
C1821,Germany
C1822,United States
C1823,United Kingdom
C1824,Australia
C1825,France
C1826,France
C1827,United Kingdom
C1828,Germany
C1829,United Kingdom
C1830,United States
C1831,United Kingdom
C1832,United Kingdom
C1833,France
C1834,United States
C1835,Germany
C1836,United States
C1837,Australia
C1838,United States
C1839,United States
C1840,United States
C1841,United States
C1842,Germany
C1843,United States
C1844,France
C1845,Australia
C1846,Canada
C1847,Germany
C1848,United States
C1849,United States
C1850,United States
C1851,United States
C1852,Germany
C1853,United Kingdom
C1854,United States
C1855,United States
C1856,Canada
C1857,United States
C1858,United States
C1859,France
C1860,Germany
C1861,United Kingdom
C1862,Germany
C1863,United Kingdom
C1864,United States
C1865,United States
C1866,United Kingdom
C1867,United States
C1868,Japan
C1869,United States
C1870,United States
C1871,United States
C1872,Germany
C1873,United States
C1874,United States
C1875,Australia
C1876,France
C1877,United States
C1878,United States
C1879,Germany
C1880,United States
C1881,Japan
C1882,France
C1883,Australia
C1884,France
C1885,United States
C1886,United States
C1887,Germany
C1888,United States
C1889,United States
C1890,United States
C1891,United Kingdom
C1892,United States
C1893,United Kingdom
C1894,Australia
C1895,Germany
C1896,United States
C1897,United Kingdom
C1898,United Kingdom
C1899,United States
C1900,Germany
C1901,United Kingdom
C1902,United Kingdom
C1903,United States
C1904,United States
C1905,Germany
C1906,United States
C1907,France
C1908,United States
C1909,United Kingdom
C1910,Australia
C1911,United States
C1912,Australia
C1913,Canada
C1914,United Kingdom
C1915,United States
C1916,Australia
C1917,United States
C1918,United Kingdom
C1919,Canada
C1920,United States
C1921,United Kingdom
C1922,United Kingdom
C1923,Germany
C1924,Australia
C1925,Canada
C1926,United States
C1927,Canada
C1928,United States
C1929,Canada
C1930,Japan
C1931,United States
C1932,United Kingdom
C1933,Australia
C1934,Australia
C1935,Australia
C1936,Canada
C1937,United States
C1938,United Kingdom
C1939,United States
C1940,Japan
C1941,United States
C1942,Japan
C1943,United Kingdom
C1944,United Kingdom
C1945,Australia
C1946,Canada
C1947,United Kingdom
C1948,United States
C1949,United States
C1950,United States
C1951,United Kingdom
C1952,United States
C1953,United States
C1954,Germany
C1955,France
C1956,United Kingdom
C1957,Germany
C1958,United States
C1959,Canada
C1960,Canada
C1961,France
C1962,United Kingdom
C1963,United States
C1964,Germany
C1965,United States
C1966,United States
C1967,United States
C1968,United States
C1969,United States
C1970,United States
C1971,Germany
C1972,Australia
C1973,United States
C1974,Germany
C1975,United States
C1976,Germany
C1977,Germany
C1978,United States
C1979,United States
C1980,United States
C1981,United States
C1982,United Kingdom
C1983,Canada
C1984,Germany
C1985,United States
C1986,United States
C1987,Canada
C1988,United States
C1989,United Kingdom
C1990,United States
C1991,United States
C1992,United States
C1993,Germany
C1994,United Kingdom
C1995,United States
C1996,United Kingdom
C1997,United Kingdom
C1998,United Kingdom
C1999,Germany
C2000,United States
C2001,United States
C2002,Germany
C2003,Canada
C2004,United States
C2005,United States
C2006,Germany
C2007,United States
C2008,United Kingdom
C2009,United States
C2010,United Kingdom
C2011,United Kingdom
C2012,United Kingdom
C2013,United States
C2014,United States
C2015,United Kingdom
C2016,United States
C2017,United States
C2018,United Kingdom
C2019,United States
C2020,United Kingdom
C2021,France
C2022,United Kingdom
C2023,United Kingdom
C2024,United Kingdom
C2025,United States
C2026,United Kingdom
C2027,France
C2028,Germany
C2029,United States
C2030,France
C2031,Germany
C2032,United Kingdom
C2033,United States
C2034,United States
C2035,United States
C2036,Japan
C2037,Australia
C2038,United States
C2039,Australia
C2040,United States
C2041,United States
C2042,Germany
C2043,Germany
C2044,Japan
C2045,United Kingdom
C2046,United States
C2047,Japan
C2048,United States
C2049,Canada
C2050,Canada
C2051,United States
C2052,Germany
C2053,Germany
C2054,United Kingdom
C2055,Germany
C2056,United States
C2057,United States
C2058,United Kingdom
C2059,United Kingdom
C2060,Germany
C2061,United States
C2062,United States
C2063,United States
C2064,United States
C2065,Germany
C2066,United Kingdom
C2067,United Kingdom
C2068,France
C2069,United States
C2070,United States
C2071,United States
C2072,Australia
C2073,Germany
C2074,United States
C2075,France
C2076,United States
C2077,Germany
C2078,Canada
C2079,United States
C2080,United States
C2081,United States
C2082,United States
C2083,United Kingdom
C2084,Germany
C2085,United States
C2086,Germany
C2087,United States
C2088,United States
C2089,United States
C2090,Canada
C2091,United States
C2092,United Kingdom
C2093,United States
C2094,France
C2095,Germany
C2096,United States
C2097,United Kingdom
C2098,Germany
C2099,United States
C2100,United States
C2101,United States
C2102,Germany
C2103,United States
C2104,United States
C2105,United States
C2106,Australia
C2107,Canada
C2108,Canada
C2109,United Kingdom
C2110,United States
C2111,United Kingdom
C2112,Japan
C2113,Australia
C2114,Germany
C2115,France
C2116,United States
C2117,United States
C2118,United States
C2119,United States
C2120,Germany
C2121,United Kingdom
C2122,France
C2123,United States
C2124,Germany
C2125,France
C2126,Canada
C2127,United Kingdom
C2128,Australia
C2129,United Kingdom
C2130,United States
C2131,United States
C2132,United States
C2133,United Kingdom
C2134,Australia
C2135,France
C2136,United States
C2137,Germany
C2138,United States
C2139,United States
C2140,Germany
C2141,United Kingdom
C2142,Canada
C2143,United States
C2144,Germany
C2145,Germany
C2146,United Kingdom
C2147,United Kingdom
C2148,Canada
C2149,United States
C2150,Australia
C2151,United States
C2152,Australia
C2153,Australia
C2154,United States
C2155,Japan
C2156,United Kingdom
C2157,United States
C2158,United Kingdom
C2159,United States
C2160,Canada
C2161,United Kingdom
C2162,France
C2163,United States
C2164,United Kingdom
C2165,United States
C2166,United States
C2167,United Kingdom
C2168,United Kingdom
C2169,United States
C2170,Japan
C2171,United Kingdom
C2172,France
C2173,Canada
C2174,United States
C2175,United States
C2176,United Kingdom
C2177,United States
C2178,United States
C2179,United States
C2180,Australia
C2181,United Kingdom
C2182,United States
C2183,United States
C2184,United States
C2185,United States
C2186,France
C2187,United Kingdom
C2188,Germany
C2189,Germany
C2190,United States
C2191,France
C2192,Australia
C2193,United Kingdom
C2194,United Kingdom
C2195,United States
C2196,France
C2197,United States
C2198,Germany
C2199,United Kingdom
C2200,Canada
C2201,United Kingdom
C2202,United Kingdom
C2203,United States
C2204,United States
C2205,France
C2206,Australia
C2207,Germany
C2208,Germany
C2209,United States
C2210,France
C2211,United States
C2212,Germany
C2213,United States
C2214,United Kingdom
C2215,United States
C2216,United Kingdom
C2217,Germany
C2218,United Kingdom
C2219,United Kingdom
C2220,United Kingdom
C2221,United States
C2222,United Kingdom
C2223,United States
C2224,United Kingdom
C2225,United States
C2226,Japan
C2227,United States
C2228,France
C2229,Germany
C2230,France
C2231,Canada
C2232,United States
C2233,United States
C2234,United States
C2235,United States
C2236,United Kingdom
C2237,France
C2238,United States
C2239,United States
C2240,United States
C2241,United States
C2242,United Kingdom
C2243,Japan
C2244,United States
C2245,Germany
C2246,France
C2247,Germany
C2248,Canada
C2249,Germany
C2250,United States
C2251,United States
C2252,United Kingdom
C2253,United States
C2254,United States
C2255,United States
C2256,United Kingdom
C2257,United States
C2258,France
C2259,United Kingdom
C2260,Canada
C2261,United States
C2262,United Kingdom
C2263,United States
C2264,United States
C2265,Canada
C2266,Canada
C2267,United Kingdom
C2268,United States
C2269,United States
C2270,Australia
C2271,Canada
C2272,United Kingdom
C2273,United States
C2274,Australia
C2275,United States
C2276,Australia
C2277,United Kingdom
C2278,Germany
C2279,Germany
C2280,United States
C2281,United States
C2282,United States
C2283,United States
C2284,France
C2285,United States
C2286,Canada
C2287,United States
C2288,Germany
C2289,United States
C2290,Japan
C2291,Germany
C2292,United Kingdom
C2293,Japan
C2294,United States
C2295,United States
C2296,France
C2297,United States
C2298,Germany
C2299,Australia
C2300,United States
C2301,France
C2302,United States
C2303,United States
C2304,Japan
C2305,United Kingdom
C2306,United States
C2307,Australia
C2308,United States
C2309,Germany
C2310,Germany
C2311,United States
C2312,United Kingdom
C2313,France
C2314,Germany
C2315,United States
C2316,United States
C2317,Germany
C2318,United Kingdom
C2319,Germany
C2320,United States
C2321,United States
C2322,United States
C2323,United States
C2324,United States
C2325,United States
C2326,United States
C2327,United States
C2328,United States
C2329,United Kingdom
C2330,United States
C2331,United States
C2332,United States
C2333,United States
C2334,United Kingdom
C2335,United States
C2336,United States
C2337,United States
C2338,United States
C2339,United States
C2340,Canada
C2341,Canada
C2342,Japan
C2343,United Kingdom
C2344,United States
C2345,United States
C2346,United States
C2347,United States
C2348,United Kingdom
C2349,United States
C2350,United States
C2351,United States
C2352,United Kingdom
C2353,United States
C2354,United States
C2355,United States
C2356,United Kingdom
C2357,United Kingdom
C2358,United States
C2359,United States
C2360,United States
C2361,Australia
C2362,United States
C2363,United Kingdom
C2364,France
C2365,United States
C2366,United States
C2367,France
C2368,Canada
C2369,Japan
C2370,United States
C2371,United States
C2372,Australia
C2373,United States
C2374,United States
C2375,Australia
C2376,Australia
C2377,United States
C2378,Germany
C2379,United Kingdom
C2380,United Kingdom
C2381,United States
C2382,United States
C2383,France
C2384,United States
C2385,United States
C2386,United Kingdom
C2387,United Kingdom
C2388,United Kingdom
C2389,Germany
C2390,United Kingdom
C2391,Australia
C2392,United Kingdom
C2393,Germany
C2394,United States
C2395,United States
C2396,Germany
C2397,France
C2398,France
C2399,United States
C2400,United Kingdom
C2401,United Kingdom
C2402,United States
C2403,Germany
C2404,Germany
C2405,France
C2406,United States
C2407,Japan
C2408,United Kingdom
C2409,United States
C2410,United Kingdom
C2411,Australia
C2412,Germany
C2413,United Kingdom
C2414,France
C2415,United States
C2416,Canada
C2417,United Kingdom
C2418,United Kingdom
C2419,United States
C2420,Germany
C2421,Germany
C2422,United States
C2423,United Kingdom
C2424,United States
C2425,Japan
C2426,Germany
C2427,United States
C2428,Germany
C2429,Australia
C2430,United States
C2431,United States
C2432,United States
C2433,United Kingdom
C2434,United Kingdom
C2435,United Kingdom
C2436,United Kingdom
C2437,United States
C2438,United States
C2439,France
C2440,United Kingdom
C2441,United Kingdom
C2442,United States
C2443,United States
C2444,United States
C2445,United States
C2446,Australia
C2447,United States
C2448,Australia
C2449,United States
C2450,United States
C2451,United Kingdom
C2452,United States
C2453,United Kingdom
C2454,United Kingdom
C2455,United States
C2456,Germany
C2457,United States
C2458,United States
C2459,France
C2460,United States
C2461,France
C2462,United Kingdom
C2463,Germany
C2464,United States
C2465,Japan
C2466,United States
C2467,United States
C2468,United States
C2469,United Kingdom
C2470,Australia
C2471,United States
C2472,United States
C2473,United States
C2474,United Kingdom
C2475,United States
C2476,United States
C2477,United Kingdom
C2478,United States
C2479,United Kingdom
C2480,United States
C2481,Germany
C2482,United States
C2483,Germany
C2484,France
C2485,United States
C2486,United States
C2487,Canada
C2488,United States
C2489,United States
C2490,United Kingdom
C2491,United States
C2492,Canada
C2493,United Kingdom
C2494,United Kingdom
C2495,United Kingdom
C2496,United Kingdom
C2497,United Kingdom
C2498,United States
C2499,France
C2500,United Kingdom
C2501,France
C2502,Germany
C2503,United States
C2504,United Kingdom
C2505,United States
C2506,United States
C2507,United States
C2508,United States
C2509,United States
C2510,Germany
C2511,United Kingdom
C2512,United States
C2513,United States
C2514,United States
C2515,United States
C2516,United Kingdom
C2517,Germany
C2518,United Kingdom
C2519,Japan
C2520,United Kingdom
C2521,United Kingdom
C2522,United States
C2523,United States
C2524,United Kingdom
C2525,United States
C2526,United States
C2527,United States
C2528,United States
C2529,France
C2530,Australia
C2531,United Kingdom
C2532,United Kingdom
C2533,Germany
C2534,United States
C2535,France
C2536,United Kingdom
C2537,United States
C2538,United States
C2539,Germany
C2540,United States
C2541,United States
C2542,United Kingdom
C2543,United States
C2544,United Kingdom
C2545,Germany
C2546,Germany
C2547,United Kingdom
C2548,United States
C2549,United States
C2550,France
C2551,France
C2552,United States
C2553,France
C2554,United States
C2555,Germany
C2556,United Kingdom
C2557,Japan
C2558,United States
C2559,France
C2560,Germany
C2561,United States
C2562,Japan
C2563,United States
C2564,United States
C2565,France
C2566,United States
C2567,Japan
C2568,France
C2569,United States
C2570,France
C2571,United Kingdom
C2572,United States
C2573,Germany
C2574,United Kingdom
C2575,United States
C2576,United States
C2577,United States
C2578,United States
C2579,United States
C2580,United States
C2581,United States
C2582,United Kingdom
C2583,United States
C2584,Germany
C2585,United States
C2586,United States
C2587,Canada
C2588,Japan
C2589,Germany
C2590,United States
C2591,Australia
C2592,France
C2593,Canada
C2594,Japan
C2595,Canada
C2596,United States
C2597,Canada
C2598,United States
C2599,Germany
C2600,France
