product_id,product_name,description,category,unit_price
P001,iPhone 15 Pro 256GB,iPhone 15 Pro 256GB,Smartphones,999.0
P002,Samsung Galaxy S24 Ultra,Samsung Galaxy S24 Ultra,Smartphones,1199.0
P003,Google Pixel 8 Pro,Google Pixel 8 Pro,Smartphones,899.0
P004,OnePlus 12 5G,OnePlus 12 5G,Smartphones,799.0
P005,"MacBook Pro 16"" M3 Max","MacBook Pro 16"" M3 Max",Laptops,2499.0
P006,Dell XPS 15 OLED,Dell XPS 15 OLED,Laptops,1799.0
P007,HP Spectre x360 2-in-1,HP Spectre x360 2-in-1,Laptops,1399.0
P008,Lenovo ThinkPad X1 Carbon,Lenovo ThinkPad X1 Carbon,Laptops,1599.0
P009,Sony WH-1000XM5 ANC,Sony WH-1000XM5 ANC,Headphones,399.0
P010,Apple AirPods Max Wireless,Apple AirPods Max Wireless,Headphones,549.0
P011,Bose QuietComfort Ultra,Bose QuietComfort Ultra,Headphones,429.0
P012,Sennheiser Momentum 4,Sennheiser Momentum 4,Headphones,349.0
P013,Logitech MX Keys Wireless,Logitech MX Keys Wireless,Keyboards,119.0
P014,Keychron K2 Mechanical RGB,Keychron K2 Mechanical RGB,Keyboards,99.0
P015,Corsair K70 RGB PRO Mechanical,Corsair K70 RGB PRO Mechanical,Keyboards,149.0
P016,Logitech MX Master 3S Ergonomic,Logitech MX Master 3S Ergonomic,Mouse,99.0
P017,Razer DeathAdder V3 Pro,Razer DeathAdder V3 Pro,Mouse,129.0
P018,"Dell UltraSharp 27"" 4K USB-C","Dell UltraSharp 27"" 4K USB-C",Monitors,599.0
P019,"LG UltraGear 34"" Curved Gaming","LG UltraGear 34"" Curved Gaming",Monitors,799.0
P020,"Samsung Odyssey G7 32""","Samsung Odyssey G7 32""",Monitors,649.0
P021,Apple Watch Series 9 GPS,Apple Watch Series 9 GPS,Smartwatches,399.0
P022,Samsung Galaxy Watch 6 Classic,Samsung Galaxy Watch 6 Classic,Smartwatches,349.0
P023,Garmin Fenix 7 Solar Edition,Garmin Fenix 7 Solar Edition,Smartwatches,699.0
P024,iPad Air 5th Gen 256GB,iPad Air 5th Gen 256GB,Tablets,749.0
P025,Samsung Galaxy Tab S9 Ultra,Samsung Galaxy Tab S9 Ultra,Tablets,1199.0
P026,Anker 65W GaN Fast Wall Charger,Anker 65W GaN Fast Wall Charger,Chargers,49.0
P027,Apple 20W USB-C Power Adapter,Apple 20W USB-C Power Adapter,Chargers,19.0
P028,Belkin 3-in-1 Wireless MagSafe,Belkin 3-in-1 Wireless MagSafe,Chargers,129.0
